{
  "Andheri East, Mumbai": [72.85778638370039, 19.110458724992743],
  "Andheri West, Mumbai": [72.84036785583724, 19.126440323646445],
  "Mira Road East, Mumbai": [72.86485711230135, 19.26059174993157],
  "Chembur, Mumbai": [72.8935111487164, 19.064003563295092],
  "Goregaon East, Mumbai": [72.84573818656287, 19.159912694934],
  "Powai, Mumbai": [72.91272014000913, 19.125422846541767],
  "Nerul (Navi Mumbai)": [73.0055411562887, 19.03508808800589],
  "Malad West, Mumbai": [72.85066992936346, 19.18384623092852],
  "Thane West, Mumbai": [73.02546467034115, 19.207018657181933],
  "Naupada, Mumbai": [72.8342179319089, 19.0642667063468],
  "Dombivli, Mumbai": [73.08322332046642, 19.20769098457359],
  "Hiranandani Estate, Mumbai": [72.99125045457141, 19.254600106012223],
  "Airoli, Mumbai": [73.00455804142761, 19.163250077433563],
  "Kopar Khairane (Navi Mumbai)": [72.99622557971627, 19.111060601053666],
  "Byculla, Mumbai": [72.83516997692304, 18.969599061867605],
  "Parel, Mumbai": [72.84099367905839, 19.00950654099492],
  "Kharghar (Navi Mumbai)": [73.07576331175383, 19.06174403667036],
  "Kandivali East, Mumbai": [72.86947380280967, 19.20907725804321],
  "Bandra West, Mumbai": [72.83482313530185, 19.055067079617103],
  "Vashi, Mumbai": [72.99525838446309, 19.080028090431494],
  "Sion, Mumbai": [72.86258359972642, 19.034316767095994],
  "Borivali East, Mumbai": [72.87161036429829, 19.218089895788793],
  "Lower Parel, Mumbai": [72.82797833729188, 19.00362774870748],
  "Bhandup West, Mumbai": [72.93655953734978, 19.154966345193692],
  "Virar, Mumbai": [72.83477995613715, 18.9237968432929],
  "Kandivali West, Mumbai": [72.84186041107175, 19.202448282065845],
  "Santacruz East, Mumbai": [72.86572542521348, 19.08047085239616],
  "Borivali West, Mumbai": [72.84872970302806, 19.237780232747063],
  "Vasai, Mumbai": [73.0139425993924, 19.092867408464144],
  "Goregaon West, Mumbai": [72.84277939725122, 19.169782983941545],
  "Kalyan West, Mumbai": [72.84374510285691, 19.0042187358356],
  "Nalasopara, Mumbai": [72.83124535881211, 18.94466603749603],
  "Panvel, Mumbai": [73.11037063598633, 18.990337969362],
  "Mulund West, Mumbai": [72.94701576232912, 19.17729344435371],
  "Ghatkopar East, Mumbai": [72.91272014000913, 19.085145598608168],
  "Dadar West, Mumbai": [72.84015310036261, 19.023037214305155],
  "Worli, Mumbai": [72.81642021571828, 19.011325023229208],
  "Kurla West, Mumbai": [72.88484949988813, 19.07624935574091],
  "Dahisar East, Mumbai": [72.86024285681276, 19.25748957577379],
  "Marine Lines, Mumbai": [72.81642021571828, 18.932922346620515],
  "Fort, Mumbai": [72.84015310036261, 18.94012535038997],
  "Santacruz West, Mumbai": [72.83877319277333, 19.08853427642585],
  "Ghatkopar West, Mumbai": [72.90263423250298, 19.090469308661945],
  "Mahim, Mumbai": [72.83389496457612, 19.045988024199158],
  "Kalyan East, Mumbai": [73.14928308619477, 19.22958251810731],
  "Mulund East, Mumbai": [72.96042652234142, 19.170833005646184],
  "Palava Lakeshore, Mumbai": [-87.68634593890113, 42.04212078218096],
  "Bhiwandi, Mumbai": [73.20789567133936, 19.36721033783684],
  "Nadhal, Mumbai": [72.8881768882736, 19.07624935574091],
  "Boisar, Mumbai": [72.84630831167607, 19.784075118115837],
  "Palghar, Mumbai": [72.88778796476174, 19.085145598608168],
  "Mumbra, Mumbai": [73.02539640998947, 19.184629293377657],
  "Titwala, Mumbai": [72.83236565357451, 19.011325023229208],
  "Rasayani, Mumbai": [72.81669036796205, 18.946299213431484],
  "Goveli, Mumbai": [72.88484949988813, 19.082516475705983],
  "Shirdhon, Mumbai": [73.12242956708351, 18.950341865765466],
  "Kothimbe, Mumbai": [72.9196266524489, 19.549867761702096],
  "Taloja, Mumbai": [73.09055550948464, 19.060150097817694],
  "Kelwa, Mumbai": [72.98784765578543, 19.196611938535142],
  "Haloli, Mumbai": [72.91038517373215, 19.537738736835657],
  "Mumbai Ocean": [72.89710054608922, 19.06871035838836],
  "Madh, Mumbai": [72.79982644467218, 19.134098784462132],
  "Sanjay Gandhi National Park, Mumbai": [72.87233272371037, 19.229650571270813],
  "Wadi, Mumbai": [72.88101907234561, 19.092486556372883],
  "Alibaug, Mumbai": [72.87734919592963, 18.652626377843227],
  "Navghar, Mumbai": [72.96458917143444, 19.169241721980327],
  "Kanhor, Mumbai": [72.88348792123625, 19.083590722674817],
  "Palava Lakeshore 1, Mumbai": [-79.26691669193126, 43.85717778948053],
  "Rai Village, Mumbai": [72.81895038154836, 18.911924860376423],
  "Rayate, Mumbai": [72.84296977970818, 19.782361715051064],
  "Arjunali, Mumbai": [73.2033300921014, 19.375938647225773]
}

