{
    "Andheri East, Mumbai": [72.85748413278877, 19.11370214717548],
    "Andheri West, Mumbai": [72.84332451061143, 19.12976312298948],
    "Mira Road East, Mumbai": [72.86254340521192, 19.258487958137014],
    "Chembur, Mumbai": [72.8957520179741, 19.062524760291623],
    "Goregaon East, Mumbai": [72.84512927972877, 19.15868480280963],
    "Powai, Mumbai": [72.91319805539407, 19.12678982648252],
    "Nerul (Navi Mumbai)": [73.0032587601368, 19.03365329318405],
    "Malad West, Mumbai": [72.85123390824422, 19.18602848287606],
    "Thane West, Mumbai": [73.0247932601972, 19.2098097893396],
    "Naupada, Mumbai": [72.83615407437599, 19.06621347784648],
    "Dombivli, Mumbai": [73.08378106459907, 19.20964871966514],
    "Hiranandani Estate, Mumbai": [72.9893347092629, 19.25469702020764],
    "Airoli, Mumbai": [73.00290776463712, 19.16516682846922],
    "Kopar Khairane (Navi Mumbai)": [72.99635872180025, 19.112096422785193],
    "Byculla, Mumbai": [72.83726405972612, 18.96718685922707],
    "Parel, Mumbai": [72.8399730710811, 19.008178809121488],
    "Kharghar (Navi Mumbai)": [73.07779432018863, 19.059737641847007],
    "Kandivali East, Mumbai": [72.87087102887878, 19.20743115854251],
    "Bandra West, Mumbai": [72.83406897458222, 19.05417920963284],
    "Vashi, Mumbai": [72.99464258815965, 19.08061217544643],
    "Sion, Mumbai": [72.86148901337965, 19.032932927550073],
    "Borivali East, Mumbai": [72.87206423631526, 19.21564929707196],
    "Lower Parel, Mumbai": [72.8265253085787, 19.0037716653525],
    "Bhandup West, Mumbai": [72.93470469305907, 19.1534202652622],
    "Virar, Mumbai": [72.83528715438203, 18.92460217530439],
    "Kandivali West, Mumbai": [72.83970234301714, 19.20149382619167],
    "Santacruz East, Mumbai": [72.86761654012968, 19.08115086065812],
    "Borivali West, Mumbai": [72.84911545188176, 19.2395134502997],
    "Vasai, Mumbai": [73.01567929461496, 19.09267121628491],
    "Goregaon West, Mumbai": [72.84359702406765, 19.16876504576673],
    "Kalyan West, Mumbai": [72.84101325894253, 19.004932826291597],
    "Nalasopara, Mumbai": [72.83284505175603, 18.943534728577095],
    "Panvel, Mumbai": [73.11250425875116, 18.9923456417857],
    "Mulund West, Mumbai": [72.94722234203038, 19.179083502944257],
    "Ghatkopar East, Mumbai": [72.91203283637345, 19.08557673161484],
    "Dadar West, Mumbai": [72.83906331535453, 19.024141099151367],
    "Worli, Mumbai": [72.81830677876357, 19.010535014743784],
    "Kurla West, Mumbai": [72.88484438676264, 19.07804833146495],
    "Dahisar East, Mumbai": [72.86178714781347, 19.25889023829764],
    "Marine Lines, Mumbai": [72.81494438263496, 18.932539470166107],
    "Fort, Mumbai": [72.83965445531838, 18.9397391566972],
    "Santacruz West, Mumbai": [72.83789514985034, 19.08806660461744],
    "Ghatkopar West, Mumbai": [72.90174538374324, 19.09214563607231],
    "Mahim, Mumbai": [72.83518347409997, 19.04731978925233],
    "Kalyan East, Mumbai": [73.1489656680839, 19.22812818189156],
    "Mulund East, Mumbai": [72.95840508899385, 19.169429844135124],
    "Palava Lakeshore, Mumbai": [-87.68457910023399, 42.043316542220086],
    "Bhiwandi, Mumbai": [73.20807371611776, 19.36843038240153],
    "Nadhal, Mumbai": [72.88982563447368, 19.07777947310065],
    "Boisar, Mumbai": [72.84631066073944, 19.782234439626462],
    "Palghar, Mumbai": [72.88813586501492, 19.086596424793893],
    "Mumbra, Mumbai": [73.02537810951036, 19.18468889831529],
    "Titwala, Mumbai": [72.83219314729748, 19.0113023459267],
    "Rasayani, Mumbai": [72.81815953927006, 18.947677288772427],
    "Goveli, Mumbai": [72.8855303606781, 19.081415100126],
    "Shirdhon, Mumbai": [73.12237189406423, 18.951420623849905],
    "Kothimbe, Mumbai": [72.92030267558645, 19.548451710557043],
    "Taloja, Mumbai": [73.09085729082692, 19.058721818613067],
    "Kelwa, Mumbai": [72.98699494358354, 19.19802021590329],
    "Haloli, Mumbai": [72.91267587973499, 19.5368956465681],
    "Mumbai Ocean": [72.89857982321213, 19.069670345474424],
    "Madh, Mumbai": [72.79955229569024, 19.135515152583186],
    "Sanjay Gandhi National Park, Mumbai": [72.8718373640646, 19.22819107930026],
    "Wadi, Mumbai": [72.88063313213043, 19.0918715220054],
    "Alibaug, Mumbai": [72.87706574666461, 18.653497274183513],
    "Navghar, Mumbai": [72.96342266222162, 19.168298295078468],
    "Kanhor, Mumbai": [72.88390584709055, 19.0830601500423],
    "Palava Lakeshore 1, Mumbai": [-79.26691669193126, 43.85717778948053],
    "Rai Village, Mumbai": [72.81914578253386, 18.91045563866571],
    "Rayate, Mumbai": [72.84290687489925, 19.784852511909204],
    "Arjunali, Mumbai": [73.20267890555652, 19.37330143282005]
}

